-- phpMyAdmin SQL Dump
-- Generated by Script
SET SQL_MODE = "NO_AUTO_VALUE_ON_ZERO";
SET AUTOCOMMIT = 0;
START TRANSACTION;
SET time_zone = "+00:00";

--
-- Table structure for table `admintb`
--

DROP TABLE IF EXISTS `admintb`;
CREATE TABLE `admintb` (
  `username` varchar(50) NOT NULL,
  `password` varchar(255) NOT NULL,
  `email` varchar(120) DEFAULT NULL
) ENGINE=InnoDB DEFAULT CHARSET=latin1;

--
-- Dumping data for table `admintb`
--

INSERT INTO `admintb` VALUES 
('admin', '$2y$10$uF7kpzgAxlXB9vMP9I9GC.dtwnZpXig9kl.Vel5uzPgmOuY57XZTK', NULL);

--
-- Table structure for table `appointmenttb`
--

DROP TABLE IF EXISTS `appointmenttb`;
CREATE TABLE `appointmenttb` (
  `pid` int NOT NULL,
  `ID` int NOT NULL AUTO_INCREMENT,
  `fname` varchar(20) NOT NULL,
  `lname` varchar(20) NOT NULL,
  `gender` varchar(10) NOT NULL,
  `email` varchar(30) NOT NULL,
  `contact` varchar(10) NOT NULL,
  `doctor` varchar(30) NOT NULL,
  `docFees` int NOT NULL,
  `appdate` date NOT NULL,
  `apptime` time NOT NULL,
  `userStatus` int NOT NULL,
  `doctorStatus` int NOT NULL,
  PRIMARY KEY (`ID`)
) ENGINE=InnoDB AUTO_INCREMENT=40 DEFAULT CHARSET=latin1;

--
-- Dumping data for table `appointmenttb`
--

INSERT INTO `appointmenttb` VALUES 
('4', '1', 'Kishan', 'Lal', 'Male', 'kishansmart0@gmail.com', '8838489464', 'Ganesh', '550', '2020-02-14', '10:00:00', '1', '0'),
('4', '2', 'Kishan', 'Lal', 'Male', 'kishansmart0@gmail.com', '8838489464', 'Dinesh', '700', '2020-02-28', '10:00:00', '0', '1'),
('4', '3', 'Kishan', 'Lal', 'Male', 'kishansmart0@gmail.com', '8838489464', 'Amit', '1000', '2020-02-19', '03:00:00', '0', '1'),
('11', '4', 'Shraddha', 'Kapoor', 'Female', 'shraddha@gmail.com', '9768946252', 'ashok', '500', '2020-02-29', '20:00:00', '1', '1'),
('4', '5', 'Kishan', 'Lal', 'Male', 'kishansmart0@gmail.com', '8838489464', 'Dinesh', '700', '2020-02-28', '12:00:00', '1', '1'),
('4', '6', 'Kishan', 'Lal', 'Male', 'kishansmart0@gmail.com', '8838489464', 'Ganesh', '550', '2020-02-26', '15:00:00', '0', '1'),
('2', '8', 'Alia', 'Bhatt', 'Female', 'alia@gmail.com', '8976897689', 'Ganesh', '550', '2020-03-21', '10:00:00', '1', '1'),
('5', '9', 'Gautam', 'Shankararam', 'Male', 'gautam@gmail.com', '9070897653', 'Ganesh', '550', '2020-03-19', '20:00:00', '1', '0'),
('4', '10', 'Kishan', 'Lal', 'Male', 'kishansmart0@gmail.com', '8838489464', 'Ganesh', '550', '0000-00-00', '14:00:00', '1', '0'),
('4', '11', 'Kishan', 'Lal', 'Male', 'kishansmart0@gmail.com', '8838489464', 'Dinesh', '700', '2020-03-27', '15:00:00', '1', '1'),
('9', '12', 'William', 'Blake', 'Male', 'william@gmail.com', '8683619153', 'Kumar', '800', '2020-03-26', '12:00:00', '1', '1'),
('9', '13', 'William', 'Blake', 'Male', 'william@gmail.com', '8683619153', 'Tiwary', '450', '2020-03-26', '14:00:00', '1', '1'),
('11', '14', 'Shraddha', 'Kapoor', 'Female', 'shraddha@gmail.com', '9768946252', 'Amit', '1000', '2026-04-30', '12:00:00', '1', '1'),
('11', '15', 'Shraddha', 'Kapoor', 'Female', 'shraddha@gmail.com', '9768946252', 'arun', '600', '2026-04-29', '10:00:00', '1', '1'),
('1', '16', 'Kishan', 'Tudu', 'Male', 'kishan@test.com', '9876543210', 'Kumar', '800', '2026-04-28', '10:00:00', '1', '1'),
('1', '17', 'Kishan', 'Tudu', 'Male', 'kishan@test.com', '9876543210', 'Kumar', '800', '2026-04-28', '10:00:00', '1', '1'),
('1', '18', 'Kishan', 'Tudu', 'Male', 'kishan@test.com', '9876543210', 'Kumar', '800', '2026-04-28', '10:00:00', '1', '1'),
('1', '19', 'Kishan', 'Tudu', 'Male', 'kishan@test.com', '9876543210', 'Kumar', '800', '2026-04-28', '10:00:00', '1', '1'),
('9', '20', 'William', 'Blake', 'Male', 'william@test.com', '9988776655', 'Ganesh', '500', '2026-04-27', '11:30:00', '1', '1'),
('9', '21', 'William', 'Blake', 'Male', 'william@test.com', '9988776655', 'Ganesh', '500', '2026-04-27', '11:30:00', '1', '1'),
('9', '22', 'William', 'Blake', 'Male', 'william@test.com', '9988776655', 'Ganesh', '500', '2026-04-26', '11:30:00', '1', '1'),
('9', '23', 'William', 'Blake', 'Male', 'william@test.com', '9988776655', 'Ganesh', '500', '2026-04-26', '11:30:00', '1', '1'),
('9', '24', 'William', 'Blake', 'Male', 'william@test.com', '9988776655', 'Ganesh', '500', '2026-04-26', '11:30:00', '1', '1'),
('9', '25', 'William', 'Blake', 'Male', 'william@test.com', '9988776655', 'Ganesh', '500', '2026-04-26', '11:30:00', '1', '1'),
('9', '26', 'William', 'Blake', 'Male', 'william@test.com', '9988776655', 'Ganesh', '500', '2026-04-25', '11:30:00', '1', '1'),
('9', '27', 'William', 'Blake', 'Male', 'william@test.com', '9988776655', 'Ganesh', '500', '2026-04-25', '11:30:00', '1', '1'),
('9', '28', 'William', 'Blake', 'Male', 'william@test.com', '9988776655', 'Ganesh', '500', '2026-04-25', '11:30:00', '1', '1'),
('9', '29', 'William', 'Blake', 'Male', 'william@test.com', '9988776655', 'Ganesh', '500', '2026-04-25', '11:30:00', '1', '1'),
('9', '30', 'William', 'Blake', 'Male', 'william@test.com', '9988776655', 'Ganesh', '500', '2026-04-24', '11:30:00', '1', '1'),
('9', '31', 'William', 'Blake', 'Male', 'william@test.com', '9988776655', 'Ganesh', '500', '2026-04-24', '11:30:00', '1', '1'),
('9', '32', 'William', 'Blake', 'Male', 'william@test.com', '9988776655', 'Ganesh', '500', '2026-04-24', '11:30:00', '1', '1'),
('9', '33', 'William', 'Blake', 'Male', 'william@test.com', '9988776655', 'Ganesh', '500', '2026-04-24', '11:30:00', '1', '1'),
('9', '34', 'William', 'Blake', 'Male', 'william@test.com', '9988776655', 'Ganesh', '500', '2026-04-23', '11:30:00', '1', '1'),
('9', '35', 'William', 'Blake', 'Male', 'william@test.com', '9988776655', 'Ganesh', '500', '2026-04-23', '11:30:00', '1', '1'),
('9', '36', 'William', 'Blake', 'Male', 'william@test.com', '9988776655', 'Ganesh', '500', '2026-04-23', '11:30:00', '1', '1'),
('9', '37', 'William', 'Blake', 'Male', 'william@test.com', '9988776655', 'Ganesh', '500', '2026-04-22', '11:30:00', '1', '1'),
('9', '38', 'William', 'Blake', 'Male', 'william@test.com', '9988776655', 'Ganesh', '500', '2026-04-22', '11:30:00', '1', '1'),
('11', '39', 'Shraddha', 'Kapoor', 'Female', 'shraddha@gmail.com', '9768946252', 'Amit', '1000', '2026-04-30', '08:00:00', '1', '1');

--
-- Table structure for table `contact`
--

DROP TABLE IF EXISTS `contact`;
CREATE TABLE `contact` (
  `name` varchar(30) NOT NULL,
  `email` text NOT NULL,
  `contact` varchar(10) NOT NULL,
  `message` varchar(200) NOT NULL,
  `status` varchar(20) DEFAULT 'new',
  `created_at` datetime DEFAULT CURRENT_TIMESTAMP
) ENGINE=InnoDB DEFAULT CHARSET=latin1;

--
-- Dumping data for table `contact`
--

INSERT INTO `contact` VALUES 
('Anu', 'anu@gmail.com', '7896677554', 'Hey Admin', 'new', '2026-04-28 21:10:18'),
(' Viki', 'viki@gmail.com', '9899778865', 'Good Job, Pal', 'new', '2026-04-28 21:10:18'),
('Ananya', 'ananya@gmail.com', '9997888879', 'How can I reach you?', 'new', '2026-04-28 21:10:18'),
('Aakash', 'aakash@gmail.com', '8788979967', 'Love your site', 'new', '2026-04-28 21:10:18'),
('Mani', 'mani@gmail.com', '8977768978', 'Want some coffee?', 'new', '2026-04-28 21:10:18'),
('Karthick', 'karthi@gmail.com', '9898989898', 'Good service', 'new', '2026-04-28 21:10:18'),
('Abbis', 'abbis@gmail.com', '8979776868', 'Love your service', 'new', '2026-04-28 21:10:18'),
('Asiq', 'asiq@gmail.com', '9087897564', 'Love your service. Thank you!', 'new', '2026-04-28 21:10:18'),
('Jane', 'jane@gmail.com', '7869869757', 'I love your service!', 'new', '2026-04-28 21:10:18');

--
-- Table structure for table `doctb`
--

DROP TABLE IF EXISTS `doctb`;
CREATE TABLE `doctb` (
  `username` varchar(50) NOT NULL,
  `password` varchar(255) NOT NULL,
  `email` varchar(50) NOT NULL,
  `spec` varchar(50) NOT NULL,
  `docFees` int NOT NULL
) ENGINE=InnoDB DEFAULT CHARSET=latin1;

--
-- Dumping data for table `doctb`
--

INSERT INTO `doctb` VALUES 
('ashok', '$2y$10$ZMzA3qHX6X836QOc4xUXV.De8ZcT9RWpWKQuM7Zz.hvB1yRJ/FjqS', 'ashok@gmail.com', 'General', '500'),
('arun', 'arun123', 'arun@gmail.com', 'Cardiologist', '600'),
('Dinesh', 'dinesh123', 'dinesh@gmail.com', 'General', '700'),
('Ganesh', 'ganesh123', 'ganesh@gmail.com', 'Pediatrician', '550'),
('Kumar', 'kumar123', 'kumar@gmail.com', 'Pediatrician', '800'),
('Amit', 'amit123', 'amit@gmail.com', 'Cardiologist', '1000'),
('Abbis', 'abbis123', 'abbis@gmail.com', 'Neurologist', '1500'),
('Tiwary', 'tiwary123', 'tiwary@gmail.com', 'Pediatrician', '450'),
('Kumar', '$2y$10$yy90I8wS9b8zUZtsDWnSzeJH8zdqf.rNyOam4B3r4F53gE5GIzr1e', 'kumar@global.in', 'Cardiology', '800'),
('Ganesh', '$2y$10$jHpgYksy567CzI/tH/6Aj.m3CJPGRH2wqYh7HIGn3LMR4EdfdBm4a', 'ganesh@global.in', 'General Medicine', '500'),
('Sharma', '$2y$10$5PBFCB507QqKNAV.gGdxaez8arKx.bXnjuCT6ajZ.8XZ9yeBaBeGG', 'sharma@global.in', 'Neurology', '1200');

--
-- Table structure for table `patreg`
--

DROP TABLE IF EXISTS `patreg`;
CREATE TABLE `patreg` (
  `pid` int NOT NULL AUTO_INCREMENT,
  `fname` varchar(20) NOT NULL,
  `lname` varchar(20) NOT NULL,
  `gender` varchar(10) NOT NULL,
  `email` varchar(30) NOT NULL,
  `contact` varchar(10) NOT NULL,
  `password` varchar(255) NOT NULL,
  `cpassword` varchar(255) NOT NULL,
  PRIMARY KEY (`pid`)
) ENGINE=InnoDB AUTO_INCREMENT=12 DEFAULT CHARSET=latin1;

--
-- Dumping data for table `patreg`
--

INSERT INTO `patreg` VALUES 
('1', 'Ram', 'Kumar', 'Male', 'ram@gmail.com', '9876543210', 'ram123', 'ram123'),
('2', 'Alia', 'Bhatt', 'Female', 'alia@gmail.com', '8976897689', 'alia123', 'alia123'),
('3', 'Shahrukh', 'khan', 'Male', 'shahrukh@gmail.com', '8976898463', 'shahrukh123', 'shahrukh123'),
('4', 'Kishan', 'Lal', 'Male', 'kishansmart0@gmail.com', '8838489464', 'kishan123', 'kishan123'),
('5', 'Gautam', 'Shankararam', 'Male', 'gautam@gmail.com', '9070897653', 'gautam123', 'gautam123'),
('6', 'Sushant', 'Singh', 'Male', 'sushant@gmail.com', '9059986865', 'sushant123', 'sushant123'),
('7', 'Nancy', 'Deborah', 'Female', 'nancy@gmail.com', '9128972454', 'nancy123', 'nancy123'),
('8', 'Kenny', 'Sebastian', 'Male', 'kenny@gmail.com', '9809879868', 'kenny123', 'kenny123'),
('9', 'William', 'Blake', 'Male', 'william@gmail.com', '8683619153', 'william123', 'william123'),
('10', 'Peter', 'Norvig', 'Male', 'peter@gmail.com', '9609362815', 'peter123', 'peter123'),
('11', 'Shraddha', 'Kapoor', 'Female', 'shraddha@gmail.com', '9768946252', '$2y$10$dUaj76Zd0UrAq3bzBQ.F/OqpD0EbXaHYWbFlOIN..A0P1I3jposMu', '$2y$10$dUaj76Zd0UrAq3bzBQ.F/OqpD0EbXaHYWbFlOIN..A0P1I3jposMu');

--
-- Table structure for table `prestb`
--

DROP TABLE IF EXISTS `prestb`;
CREATE TABLE `prestb` (
  `doctor` varchar(50) NOT NULL,
  `pid` int NOT NULL,
  `ID` int NOT NULL,
  `fname` varchar(50) NOT NULL,
  `lname` varchar(50) NOT NULL,
  `appdate` date NOT NULL,
  `apptime` time NOT NULL,
  `disease` varchar(250) NOT NULL,
  `allergy` varchar(250) NOT NULL,
  `prescription` varchar(1000) NOT NULL
) ENGINE=InnoDB DEFAULT CHARSET=latin1;

--
-- Dumping data for table `prestb`
--

INSERT INTO `prestb` VALUES 
('Dinesh', '4', '11', 'Kishan', 'Lal', '2020-03-27', '15:00:00', 'Cough', 'Nothing', 'Just take a teaspoon of Benadryl every night'),
('Ganesh', '2', '8', 'Alia', 'Bhatt', '2020-03-21', '10:00:00', 'Severe Fever', 'Nothing', 'Take bed rest'),
('Kumar', '9', '12', 'William', 'Blake', '2020-03-26', '12:00:00', 'Sever fever', 'nothing', 'Paracetamol -> 1 every morning and night'),
('Tiwary', '9', '13', 'William', 'Blake', '2020-03-26', '14:00:00', 'Cough', 'Skin dryness', 'Intake fruits with more water content'),
('ashok', '11', '4', 'Shraddha', 'Kapoor', '2020-02-29', '20:00:00', 'fdfsdfsdf', 'sdfdsfds', 'sfsdfdfds'),
('ashok', '11', '4', 'Shraddha', 'Kapoor', '2020-02-29', '20:00:00', 'dggfdgdg', 'fsdfsdfsd', 'sfsdfsdfsd'),
('ashok', '11', '4', 'Shraddha', 'Kapoor', '2020-02-29', '20:00:00', 'xvvdfv', 'sdfsfsd', 'sfsdfdsfs');

--
-- Table structure for table `audit_logs`
--

DROP TABLE IF EXISTS `audit_logs`;
CREATE TABLE `audit_logs` (
  `id` int NOT NULL AUTO_INCREMENT,
  `actor_role` varchar(32) NOT NULL,
  `actor_id` varchar(100) NOT NULL,
  `action` varchar(100) NOT NULL,
  `target_type` varchar(100) NOT NULL,
  `target_id` varchar(100) NOT NULL,
  `metadata` text,
  `ip_address` varchar(45) DEFAULT NULL,
  `created_at` datetime NOT NULL,
  PRIMARY KEY (`id`)
) ENGINE=InnoDB AUTO_INCREMENT=7 DEFAULT CHARSET=utf8mb4 COLLATE=utf8mb4_0900_ai_ci;

--
-- Dumping data for table `audit_logs`
--

INSERT INTO `audit_logs` VALUES 
('1', 'patient', 'patient#11', 'appointment.booked', 'appointment', '14', '{\"doctor\":\"Amit\",\"appdate\":\"2026-04-30\",\"apptime\":\"12:00:00\"}', '::1', '2026-04-28 12:03:35'),
('2', 'patient', 'patient#11', 'appointment.booked', 'appointment', '15', '{\"doctor\":\"arun\",\"appdate\":\"2026-04-29\",\"apptime\":\"10:00:00\"}', '::1', '2026-04-28 13:20:23'),
('3', 'doctor', 'doctor#ashok', 'prescription.created', 'appointment', '4', '{\"patient_id\":11,\"doctor\":\"ashok\"}', '::1', '2026-04-28 13:21:16'),
('4', 'doctor', 'doctor#ashok', 'prescription.created', 'appointment', '4', '{\"patient_id\":11,\"doctor\":\"ashok\"}', '::1', '2026-04-28 22:01:18'),
('5', 'doctor', 'doctor#ashok', 'prescription.created', 'appointment', '4', '{\"patient_id\":11,\"doctor\":\"ashok\"}', '::1', '2026-04-28 22:05:36'),
('6', 'patient', 'patient#11', 'appointment.booked', 'appointment', '39', '{\"doctor\":\"Amit\",\"appdate\":\"2026-04-30\",\"apptime\":\"08:00:00\"}', '::1', '2026-04-28 22:09:49');

--
-- Table structure for table `password_reset_tokens`
--

DROP TABLE IF EXISTS `password_reset_tokens`;
CREATE TABLE `password_reset_tokens` (
  `id` int NOT NULL AUTO_INCREMENT,
  `user_type` varchar(20) NOT NULL,
  `user_identifier` varchar(120) NOT NULL,
  `otp_code` varchar(10) NOT NULL,
  `expires_at` datetime NOT NULL,
  `consumed_at` datetime DEFAULT NULL,
  `created_at` datetime NOT NULL,
  PRIMARY KEY (`id`)
) ENGINE=InnoDB DEFAULT CHARSET=utf8mb4 COLLATE=utf8mb4_0900_ai_ci;

--
-- Dumping data for table `password_reset_tokens`
--

--
-- Table structure for table `appointment_slots`
--

DROP TABLE IF EXISTS `appointment_slots`;
CREATE TABLE `appointment_slots` (
  `id` int NOT NULL AUTO_INCREMENT,
  `doctor` varchar(100) NOT NULL,
  `slot_date` date NOT NULL,
  `slot_time` time NOT NULL,
  `status` enum('available','booked','cancelled') NOT NULL DEFAULT 'available',
  `appointment_id` int DEFAULT NULL,
  `created_at` datetime NOT NULL,
  `updated_at` datetime NOT NULL,
  PRIMARY KEY (`id`),
  UNIQUE KEY `uniq_slot` (`doctor`,`slot_date`,`slot_time`)
) ENGINE=InnoDB AUTO_INCREMENT=4 DEFAULT CHARSET=utf8mb4 COLLATE=utf8mb4_0900_ai_ci;

--
-- Dumping data for table `appointment_slots`
--

INSERT INTO `appointment_slots` VALUES 
('1', 'Amit', '2026-04-30', '12:00:00', 'booked', '14', '2026-04-28 12:03:35', '2026-04-28 12:03:35'),
('2', 'arun', '2026-04-29', '10:00:00', 'booked', '15', '2026-04-28 13:20:23', '2026-04-28 13:20:23'),
('3', 'Amit', '2026-04-30', '08:00:00', 'booked', '39', '2026-04-28 22:09:49', '2026-04-28 22:09:49');

--
-- Table structure for table `eprescriptiontb`
--

DROP TABLE IF EXISTS `eprescriptiontb`;
CREATE TABLE `eprescriptiontb` (
  `id` int NOT NULL AUTO_INCREMENT,
  `appointment_id` int NOT NULL,
  `patient_id` int NOT NULL,
  `doctor` varchar(100) NOT NULL,
  `medicine_name` varchar(255) NOT NULL,
  `dosage` varchar(255) NOT NULL,
  `duration` varchar(255) NOT NULL,
  `instructions` text,
  `created_at` datetime NOT NULL,
  PRIMARY KEY (`id`)
) ENGINE=InnoDB AUTO_INCREMENT=4 DEFAULT CHARSET=utf8mb4 COLLATE=utf8mb4_0900_ai_ci;

--
-- Dumping data for table `eprescriptiontb`
--

INSERT INTO `eprescriptiontb` VALUES 
('1', '4', '11', 'ashok', 'deffdsfds', 'fdsfsdfdsf', 'dsfdfdfds', 'sdfdsfdsfd', '2026-04-28 13:21:16'),
('2', '4', '11', 'ashok', 'sdfsfsfsd', '3', '3', 'vdsfds fsd', '2026-04-28 22:01:18'),
('3', '4', '11', 'ashok', 'sdfdsfdsf', 'dsfsdfsd', '5', 'sfsdfsdfsd', '2026-04-28 22:05:36');

--
-- Table structure for table `stafftb`
--

DROP TABLE IF EXISTS `stafftb`;
CREATE TABLE `stafftb` (
  `id` int NOT NULL AUTO_INCREMENT,
  `full_name` varchar(120) NOT NULL,
  `role` enum('doctor','surgeon','nurse','receptionist','lab_technician','pharmacist','other') NOT NULL DEFAULT 'other',
  `department` varchar(100) DEFAULT NULL,
  `email` varchar(120) DEFAULT NULL,
  `phone` varchar(20) DEFAULT NULL,
  `status` enum('active','inactive') NOT NULL DEFAULT 'active',
  `created_at` datetime NOT NULL,
  PRIMARY KEY (`id`)
) ENGINE=InnoDB DEFAULT CHARSET=utf8mb4 COLLATE=utf8mb4_0900_ai_ci;

--
-- Dumping data for table `stafftb`
--

--
-- Table structure for table `labtesttb`
--

DROP TABLE IF EXISTS `labtesttb`;
CREATE TABLE `labtesttb` (
  `id` int NOT NULL AUTO_INCREMENT,
  `appointment_id` int NOT NULL,
  `pid` int NOT NULL,
  `doctor` varchar(100) NOT NULL,
  `test_name` varchar(150) NOT NULL,
  `instructions` text,
  `result_value` varchar(255) DEFAULT NULL,
  `result_notes` text,
  `status` enum('ordered','sample_collected','completed','cancelled') NOT NULL DEFAULT 'ordered',
  `ordered_at` datetime NOT NULL,
  `reported_at` datetime DEFAULT NULL,
  `reported_by` varchar(120) DEFAULT NULL,
  PRIMARY KEY (`id`)
) ENGINE=InnoDB DEFAULT CHARSET=utf8mb4 COLLATE=utf8mb4_0900_ai_ci;

--
-- Dumping data for table `labtesttb`
--

COMMIT;
